trial,ground_truth,predicted,correct,latency_med_ms,latency_law_ms,latency_track_0_ms,latency_track_1_ms,latency_track_2_ms,latency_track_3_ms,latency_track_4_ms,latency_track_5_ms
0,med,med,True,24.041929,43.257603,38.812875,37.697514,38.580411,35.068654,40.10696,36.855997
1,law,law,True,36.094595,24.216013,36.548875,42.540818,39.460485,36.534066,39.582023,40.066462
2,track_0,track_0,True,44.716149,48.768024,26.910613,43.606748,45.432973,39.768108,48.368028,44.986519
3,track_1,track_1,True,38.018844,40.462892,38.519993,24.50131,37.665815,36.912518,33.78674,36.28003
4,track_2,track_2,True,35.45029,37.142238,32.960905,34.109641,20.225564,34.37797,35.405456,36.988882
5,track_3,track_3,True,39.203598,42.951759,39.846428,37.615449,37.840999,24.206651,36.548816,37.885625
6,track_4,track_4,True,35.975504,38.667524,35.304024,36.159504,38.436291,34.440285,23.640338,38.071812
7,track_5,track_5,True,39.801321,39.968811,41.249708,38.756149,39.294698,38.528143,37.70617,23.99345
8,med,med,True,21.440757,39.722376,35.364588,35.155708,36.323429,33.419734,34.375418,39.53157
9,law,law,True,36.964088,23.442127,33.353201,33.713202,42.128124,35.729912,38.350844,37.736951
10,track_0,track_0,True,33.901305,35.128077,22.635598,33.471819,36.557425,31.715846,40.507838,32.969926
11,track_1,track_1,True,33.627957,35.060165,39.873298,20.617098,35.17246,31.59186,33.272427,37.894262
12,track_2,track_2,True,33.652982,34.882754,30.9577,32.622131,21.05719,36.496658,36.556119,41.409234
13,track_3,track_3,True,35.641757,37.159057,35.915054,33.077334,34.903679,20.883801,36.805094,34.421496
14,track_4,track_4,True,34.483593,37.910452,34.500371,40.01749,33.892653,34.650441,20.743889,34.727239
15,track_5,track_5,True,37.478229,36.561297,43.066334,40.312861,38.07026,36.247389,38.356962,24.062565
16,med,med,True,20.029216,38.206554,40.255246,32.220818,33.579354,42.499703,39.664469,41.562986
17,law,law,True,36.796631,23.34781,32.023063,32.076577,34.001232,31.130865,34.080454,33.988406
18,track_0,track_0,True,34.762781,37.33528,24.056608,37.545943,36.877617,33.393708,34.690386,38.562554
19,track_1,track_1,True,43.689736,42.338103,45.610906,25.181754,44.065906,37.741239,40.114203,41.651518
20,track_2,track_2,True,37.851576,40.500026,38.767948,37.874378,24.556524,36.739136,37.802122,44.716259
21,track_3,track_3,True,44.794339,43.888139,43.135661,43.637221,40.776908,29.393465,40.460497,40.268385
22,track_4,track_4,True,37.504582,40.674556,38.80293,42.804579,40.26722,39.382254,27.362813,39.821738
23,track_5,track_5,True,41.127045,39.608962,36.001266,36.732447,42.505609,35.095739,38.065237,23.527641
24,med,med,True,20.383604,35.106582,32.51245,34.751734,35.154316,31.614193,35.901423,41.28307
25,law,law,True,41.8393,21.382743,36.455433,40.224964,48.749312,53.133828,44.873375,45.293932
26,track_0,track_0,True,31.713449,31.995077,19.933111,34.291663,33.914437,30.954244,32.156856,33.823838
27,track_1,track_1,True,37.43873,39.530002,35.974961,23.462314,39.130765,32.158228,31.740771,33.081365
28,track_2,track_2,True,30.919912,32.571179,29.568573,30.379042,21.766022,31.109564,29.718742,32.234502
29,track_3,track_3,True,34.409464,33.538031,31.736444,33.160151,33.24341,21.512422,33.6581,33.399589
30,track_4,track_4,True,32.826062,33.316887,32.749054,34.874095,33.517421,30.650786,20.497113,32.953694
31,track_5,track_5,True,31.822499,32.909656,31.112956,31.788764,31.794964,34.007429,31.776758,19.129233
32,med,med,True,19.891915,35.562519,31.416797,30.889456,33.347904,30.488425,36.518933,32.897371
33,law,law,True,35.49987,24.258862,35.194205,36.084348,33.891255,32.314897,34.342891,35.304429
34,track_0,track_0,True,36.617632,35.832548,22.448076,34.518906,35.916452,32.119768,32.103804,32.840384
35,track_1,track_1,True,34.939492,32.851495,29.91487,18.856518,35.894913,32.790335,31.241384,33.543049
36,track_2,track_2,True,32.79636,33.578645,30.730079,31.744678,19.052683,31.346703,32.270464,33.551795
37,track_3,track_3,True,33.34519,36.249487,32.807891,30.503057,34.520545,19.293623,35.125771,37.305154
38,track_4,track_4,True,34.369572,36.556946,31.964779,31.608298,36.933177,29.52247,19.555655,35.590229
39,track_5,track_5,True,31.603841,42.24319,37.766527,33.604242,31.198719,30.691937,32.694629,19.082593
40,med,med,True,19.662157,32.243442,28.989994,31.765423,34.464883,32.461771,31.944916,33.190231
41,law,law,True,41.29176,19.732869,39.227431,32.338157,42.556792,34.351902,32.395342,34.025127
42,track_0,track_0,True,36.29509,35.416508,20.291425,34.53078,34.587733,31.28366,31.741211,34.741646
43,track_1,track_1,True,30.374111,35.514887,32.245351,19.381944,35.528243,32.388799,32.733947,32.931497
44,track_2,track_2,True,30.135311,33.393741,32.636763,33.133823,18.855576,36.89684,39.459357,36.890894
45,track_3,track_3,True,34.572274,34.18282,31.271584,31.693058,35.365011,19.026306,31.656976,36.526308
46,track_4,track_4,True,33.404042,33.166402,29.482824,32.883968,34.715325,33.005202,19.758797,35.493177
47,track_5,track_5,True,37.990952,35.299114,34.067967,37.759573,33.445686,35.048112,38.065387,20.51287
48,med,med,True,19.951575,33.883435,35.965809,33.679521,33.04908,36.850949,33.436946,32.797258
49,law,law,True,34.914893,21.58528,32.477242,37.339637,36.470881,35.373807,34.930052,36.543081
50,track_0,track_0,True,36.373915,33.337653,20.68549,32.885053,32.619106,31.313816,31.670915,33.983106
51,track_1,track_1,True,37.350453,34.141104,30.203019,20.814872,32.0515,29.39189,33.590043,34.221801
52,track_2,track_2,True,31.10596,32.559187,31.484482,30.647472,19.200791,30.595392,30.558334,31.708231
53,track_3,track_3,True,34.469936,32.082196,29.630332,34.654467,32.53,18.961247,32.968749,33.235023
54,track_4,track_4,True,31.765596,32.951766,37.693227,34.336314,33.91245,32.970548,21.200965,33.767595
55,track_5,track_5,True,33.009673,36.599098,42.327859,32.405648,33.065337,32.118418,35.194519,21.389837
56,med,med,True,19.715361,32.759205,31.87409,31.639166,33.045932,29.934007,31.765125,32.248898
57,law,law,True,40.338526,19.604741,30.770763,31.87073,31.818515,32.576741,32.232413,32.966973
58,track_0,track_0,True,35.221285,32.645695,19.357754,36.301849,33.393928,30.680401,30.836655,31.842669
59,track_1,track_1,True,32.783471,35.948804,30.260566,20.110689,32.210123,30.61351,32.408549,35.66473
60,track_2,track_2,True,34.658093,37.362437,30.906561,32.961347,19.441263,32.17855,30.73205,32.603023
61,track_3,track_3,True,33.459248,35.006324,30.955342,34.90831,33.160771,19.757692,33.704844,36.882097
62,track_4,track_4,True,32.723151,32.680135,29.605911,34.463001,32.457517,29.616673,19.917934,31.244028
63,track_5,track_5,True,31.808414,33.315826,38.316373,32.886117,32.533397,33.852401,35.054822,20.866282
64,med,med,True,20.026641,34.380719,30.03448,31.17708,36.417064,32.459915,30.922632,35.689079
65,law,law,True,32.945698,20.446646,34.333514,32.352917,33.806533,32.121039,31.239871,33.854853
66,track_0,track_0,True,31.312364,32.668276,21.929925,31.236929,33.555816,31.753046,34.978097,35.46269
67,track_1,track_1,True,32.282064,35.963397,33.990775,26.322034,37.035056,35.970171,37.385864,34.490319
68,track_2,track_2,True,31.47762,33.032845,30.18431,30.514966,19.005521,28.666009,30.847848,32.755009
69,track_3,track_3,True,30.850362,32.265074,31.850759,30.666852,32.456192,19.108701,30.39336,31.676417
70,track_4,track_4,True,30.483644,32.335468,29.336573,30.365594,31.123186,29.241797,19.768765,33.583401
71,track_5,track_5,True,33.960585,34.300786,31.557391,33.237739,32.990851,30.714599,30.264408,18.726526
72,med,med,True,19.365283,33.179612,29.707786,30.53648,32.531406,29.625332,31.488205,35.341346
73,law,law,True,31.378754,20.696045,29.610491,30.791385,31.479869,29.668323,30.2218,32.058759
74,track_0,track_0,True,41.178159,37.668507,21.085645,36.149964,34.372984,39.782985,36.077021,34.020251
75,track_1,track_1,True,38.434056,36.817264,32.003492,22.147259,33.894888,30.509484,30.434903,36.011205
76,track_2,track_2,True,31.50854,32.161064,29.678994,30.447317,20.338072,31.318811,31.48529,31.635969
77,track_3,track_3,True,35.110283,36.689838,32.917856,34.01809,34.74661,21.011972,33.35368,35.15245
78,track_4,track_4,True,32.142412,43.694698,34.002949,33.518901,33.965278,32.171074,20.700013,33.39194
79,track_5,track_5,True,30.99755,36.722921,31.001297,33.268568,55.956838,37.396948,47.153987,20.915764
